accessible_forms,7.x-1.0-alpha1,7.x-1.0-alpha2,Update available
acquia_connector,7.x-2.15,7.x-2.17,Update available
views_bulk_operations,7.x-3.3,7.x-3.4,Update available
addressfield,7.x-1.1,7.x-1.2,Update available
bean,7.x-1.9,7.x-1.11,Update available
breakpoints,7.x-1.3,7.x-1.4,Update available
ccl,7.x-1.5,7.x-1.6,Update available
context,7.x-3.6,7.x-3.7,Update available
crumbs,7.x-2.3,7.x-2.5,Update available
date,7.x-2.9,7.x-2.10,Update available
defaultconfig,7.x-1.0-alpha9,7.x-1.0-alpha11,Update available
diff,7.x-3.2,7.x-3.3,Update available
ds,7.x-2.8,7.x-2.14,Update available
entity,7.x-1.6,7.x-1.8,Update available
entitycache,7.x-1.2,7.x-1.5,Update available
entityreference,7.x-1.1,7.x-1.4,Update available
event_log,7.x-1.4,7.x-1.6,Update available
features,7.x-2.9,7.x-2.10,Update available
feeds,7.x-2.0-beta1,7.x-2.0-beta3,Update available
file_entity,7.x-2.0-beta3,7.x-2.3,Update available
focal_point,7.x-1.0-beta4,7.x-1.0,Update available
hierarchical_select,7.x-3.0-beta7,7.x-3.0-beta8,Update available
honeypot,7.x-1.17,7.x-1.22,Update available
image_link_formatter,7.x-1.0,7.x-1.1,Update available
link,7.x-1.3,7.x-1.4,Update available
linkchecker,7.x-1.2,7.x-1.3,Update available
login_destination,7.x-1.1,7.x-1.4,Update available
media,7.x-2.3,7.x-2.9,Update available
menu_block,7.x-2.6,7.x-2.7,Update available
metatag,7.x-1.21,7.x-1.22,Update available
mimemail,7.x-1.0-beta4,7.x-1.0,Update available
minisite,7.x-1.0-alpha2,7.x-1.0-alpha3,Update available
module_filter,7.x-2.0,7.x-2.1,Update available
navbar,7.x-1.6,7.x-1.7,Update available
paranoia,7.x-1.4,7.x-1.7,Update available
password_policy,7.x-1.11,7.x-1.14,Update available
quicktabs,7.x-3.6,7.x-3.8,Update available
redirect,7.x-1.0-rc1,7.x-1.0-rc3,Update available
robotstxt,7.x-1.3,7.x-1.4,Update available
rules,7.x-2.9,7.x-2.10,Update available
search_api,7.x-1.18,7.x-1.21,Update available
search_api_acquia,7.x-2.2,7.x-2.3,Update available
search_api_db,7.x-1.5,7.x-1.6,Update available
search_api_page,7.x-1.2,7.x-1.3,Update available
search_api_solr,7.x-1.10,7.x-1.12,Update available
site_map,7.x-1.2,7.x-1.3,Update available
toc_filter,7.x-1.2,7.x-1.3,Update available
token,7.x-1.6,7.x-1.7,Update available
token_tweaks,,7.x-1.x-dev,Installed version not supported
username_enumeration_prevention,7.x-1.0,7.x-1.2,Update available
video_filter,7.x-3.3,7.x-3.4,Update available
viewfield,7.x-2.0,7.x-2.1,Update available
views,7.x-3.15,7.x-3.16,Update available
webform,7.x-4.9,7.x-4.15,Update available
webform_phone,7.x-1.21,7.x-1.23,Update available
workbench_access,7.x-1.4,7.x-1.5,Update available
workbench_moderation,7.x-1.4,7.x-3.0,SECURITY UPDATE available
wysiwyg_filter,7.x-1.6-rc2,7.x-1.6-rc3,Update available
zen,7.x-5.5,7.x-5.6,Update available
